-- MySQL dump 10.13  Distrib 8.0.35, for Linux (x86_64)
--
-- Host: localhost    Database: abylatella
-- ------------------------------------------------------
-- Server version	8.0.35-0ubuntu0.22.04.1

/*!40101 SET @OLD_CHARACTER_SET_CLIENT=@@CHARACTER_SET_CLIENT */;
/*!40101 SET @OLD_CHARACTER_SET_RESULTS=@@CHARACTER_SET_RESULTS */;
/*!40101 SET @OLD_COLLATION_CONNECTION=@@COLLATION_CONNECTION */;
/*!50503 SET NAMES utf8mb4 */;
/*!40103 SET @OLD_TIME_ZONE=@@TIME_ZONE */;
/*!40103 SET TIME_ZONE='+00:00' */;
/*!40014 SET @OLD_UNIQUE_CHECKS=@@UNIQUE_CHECKS, UNIQUE_CHECKS=0 */;
/*!40014 SET @OLD_FOREIGN_KEY_CHECKS=@@FOREIGN_KEY_CHECKS, FOREIGN_KEY_CHECKS=0 */;
/*!40101 SET @OLD_SQL_MODE=@@SQL_MODE, SQL_MODE='NO_AUTO_VALUE_ON_ZERO' */;
/*!40111 SET @OLD_SQL_NOTES=@@SQL_NOTES, SQL_NOTES=0 */;

--
-- Table structure for table `carnet`
--

DROP TABLE IF EXISTS `carnet`;
/*!40101 SET @saved_cs_client     = @@character_set_client */;
/*!50503 SET character_set_client = utf8mb4 */;
CREATE TABLE `carnet` (
  `carnet` enum('AM','A1','A2','A','B','C1','C','D1','D','BE','C1E','CE','D1E','DE','BTP') COLLATE utf8mb3_spanish2_ci NOT NULL,
  `dni` char(9) COLLATE utf8mb3_spanish2_ci NOT NULL,
  PRIMARY KEY (`carnet`,`dni`),
  KEY `dni` (`dni`),
  CONSTRAINT `carnet_ibfk_1` FOREIGN KEY (`dni`) REFERENCES `repartidor` (`dni`)
) ENGINE=InnoDB DEFAULT CHARSET=utf8mb3 COLLATE=utf8mb3_spanish2_ci;
/*!40101 SET character_set_client = @saved_cs_client */;

--
-- Dumping data for table `carnet`
--

LOCK TABLES `carnet` WRITE;
/*!40000 ALTER TABLE `carnet` DISABLE KEYS */;
INSERT INTO `carnet` VALUES ('AM','09393354N'),('AM','12525504X'),('A1','12525504X'),('A2','12525504X'),('A','12525504X'),('B','12525504X'),('AM','13567623Q'),('AM','15716718L'),('A1','15716718L'),('A2','15716718L'),('AM','18538202F'),('AM','19240710Q'),('AM','20243864C'),('A1','20243864C'),('A2','20243864C'),('AM','21875225V'),('AM','28642741S'),('AM','28982891L'),('A1','28982891L'),('A2','28982891L'),('A','28982891L'),('B','28982891L'),('AM','30137366A'),('A1','30137366A'),('A2','30137366A'),('A','30137366A'),('B','30137366A'),('AM','31544010Y'),('A1','31544010Y'),('B','31544010Y'),('AM','31584804C'),('AM','35055748R'),('A1','35055748R'),('A2','35055748R'),('A','35055748R'),('B','35055748R'),('AM','35334071X'),('AM','35343312H'),('AM','36258011H'),('A1','36258011H'),('B','36258011H'),('AM','36552043B'),('AM','37477437S'),('AM','38229520H'),('A1','38229520H'),('B','38229520H'),('AM','39342318E'),('A1','39342318E'),('AM','41452548E'),('AM','44472354T'),('A1','44472354T'),('B','44472354T'),('AM','46356232D'),('AM','47656354S'),('A1','47656354S'),('B','47656354S'),('AM','47899102R'),('AM','48594112V'),('AM','49252050O'),('AM','53173926L'),('AM','54345838K'),('AM','54836838F'),('A1','54836838F'),('B','54836838F'),('AM','55158251T'),('AM','61343881H'),('A1','61343881H'),('A2','61343881H'),('A','61343881H'),('B','61343881H'),('AM','61792773Y'),('AM','62817222P'),('A1','62817222P'),('B','62817222P'),('AM','64471651E'),('A1','64471651E'),('B','64471651E'),('AM','68836567S'),('A1','68836567S'),('A2','68836567S'),('A','68836567S'),('B','68836567S'),('AM','70326234E'),('AM','71434068S'),('A1','71434068S'),('B','71434068S'),('AM','71447335R'),('AM','72686731U'),('A1','72686731U'),('B','72686731U'),('AM','74817087L'),('AM','75452092M'),('AM','75634504H'),('AM','76483377U'),('AM','84863126H'),('AM','86127912R'),('A1','86127912R'),('B','86127912R'),('AM','89342483W'),('AM','89965286D'),('A1','89965286D'),('A2','89965286D'),('A','89965286D'),('B','89965286D'),('AM','94322785M');
/*!40000 ALTER TABLE `carnet` ENABLE KEYS */;
UNLOCK TABLES;

--
-- Table structure for table `lineaPedido`
--

DROP TABLE IF EXISTS `lineaPedido`;
/*!40101 SET @saved_cs_client     = @@character_set_client */;
/*!50503 SET character_set_client = utf8mb4 */;
CREATE TABLE `lineaPedido` (
  `identificador` mediumint DEFAULT NULL,
  `numLinea` mediumint DEFAULT NULL,
  `producto` varchar(255) COLLATE utf8mb3_spanish2_ci DEFAULT NULL,
  `cantidad` mediumint DEFAULT NULL,
  `pvp` mediumint DEFAULT NULL
) ENGINE=InnoDB DEFAULT CHARSET=utf8mb3 COLLATE=utf8mb3_spanish2_ci;
/*!40101 SET character_set_client = @saved_cs_client */;

--
-- Dumping data for table `lineaPedido`
--

LOCK TABLES `lineaPedido` WRITE;
/*!40000 ALTER TABLE `lineaPedido` DISABLE KEYS */;
INSERT INTO `lineaPedido` VALUES (246,6,'Ravioli Carne',3,13),(497,4,'Caracoles',3,17),(308,6,'Tortelloni pesto',2,18),(188,6,'Spaguetti Carbonara',3,17),(220,5,'Gnocchi de Papa',3,15),(465,5,'Gnocchi de Papa',1,17),(36,5,'Gnocchi de Papa',1,14),(285,6,'Fusilli',2,17),(173,4,'Tortelloni pesto',3,15),(59,6,'Gnocchi de Papa',3,14),(60,5,'Rigati',2,12),(36,5,'Farfall',1,11),(219,5,'Gnocchi de Papa',3,18),(106,4,'tallarines',3,18),(103,5,'Tortelloni pesto',2,15),(405,4,'Fetuccini',2,12),(20,5,'tallarines',2,11),(145,6,'Tortelloni pesto',2,15),(390,6,'Farfall',2,12),(325,4,'Tortelloni pesto',1,15),(445,5,'Fusilli',2,18),(430,5,'Farfall',3,13),(207,4,'Fusilli',2,12),(494,5,'Rigati',3,18),(480,4,'Gnocchi de Papa',2,13),(110,4,'Caracoles',2,17),(124,5,'Tortelloni pesto',3,13),(134,5,'tallarines',2,14),(93,6,'tallarines',3,10),(354,4,'Rigati',2,10),(415,6,'Fetuccini',2,12),(444,6,'Gnocchi de Papa',2,17),(10,5,'Pasta Lista Carbonara',1,17),(116,5,'Rigati',3,13),(104,4,'Fetuccini',3,14),(304,5,'Gnocchi de Papa',2,18),(398,4,'Caracoles',2,18),(115,5,'Spaguetti Carbonara',1,14),(429,5,'Fetuccini',2,15),(252,4,'Ravioli Carne',1,15),(433,6,'Farfall',2,11),(69,5,'Fusilli',1,13),(77,5,'Spaguetti Carbonara',2,17),(241,6,'Tortelloni pesto',2,14),(286,5,'tallarines',2,18),(70,5,'Pasta Lista Carbonara',3,13),(94,5,'Rigati',2,16),(247,6,'Tortelloni pesto',2,11),(225,5,'Rigati',1,15),(460,4,'Fusilli',2,11),(277,5,'Tortelloni pesto',2,13),(428,6,'Ravioli Carne',3,15),(422,6,'Ravioli Carne',2,13),(192,5,'Rigati',1,18),(137,5,'Ravioli Carne',1,11),(234,4,'Ravioli Carne',1,12),(499,5,'Fetuccini',2,11),(148,5,'Gnocchi de Papa',2,10),(152,5,'Gnocchi de Papa',2,14),(6,5,'Caracoles',1,13),(354,5,'Ravioli Carne',3,11),(25,5,'Pasta Lista Carbonara',1,13),(160,5,'Gnocchi de Papa',3,13),(467,5,'Caracoles',3,15),(62,6,'Tortelloni pesto',1,11),(36,5,'Spaguetti Carbonara',2,16),(153,4,'Pasta Lista Carbonara',3,11),(463,4,'tallarines',3,11),(490,5,'Spaguetti Carbonara',1,14),(218,6,'Fusilli',3,15),(308,6,'Caracoles',1,17),(426,6,'tallarines',3,12),(149,6,'Spaguetti Carbonara',1,18),(431,6,'tallarines',2,13),(185,5,'Caracoles',1,12),(351,5,'Rigati',3,16),(68,5,'Farfall',2,13),(241,5,'Spaguetti Carbonara',3,15),(395,5,'Tortelloni pesto',2,15),(264,6,'Ravioli Carne',1,15),(416,5,'tallarines',1,12),(236,5,'Fetuccini',2,15),(113,5,'Ravioli Carne',2,13),(369,5,'Rigati',2,11),(258,5,'Fusilli',3,18),(434,4,'Farfall',3,16),(333,5,'Tortelloni pesto',2,18),(0,6,'Ravioli Carne',1,13),(425,5,'Caracoles',1,11),(275,6,'Tortelloni pesto',2,16),(156,5,'Gnocchi de Papa',3,14),(74,5,'Caracoles',1,14),(266,4,'Gnocchi de Papa',3,14),(458,5,'Fetuccini',1,15),(178,4,'Gnocchi de Papa',1,17),(222,4,'Pasta Lista Carbonara',3,16),(281,5,'Pasta Lista Carbonara',2,18),(61,5,'Farfall',1,12),(266,4,'Fusilli',3,11),(383,5,'Fetuccini',2,14),(260,5,'Ravioli Carne',2,15),(475,4,'Rigati',2,16),(57,4,'Caracoles',1,17),(455,4,'Spaguetti Carbonara',2,18),(48,5,'tallarines',2,17),(219,5,'Rigati',2,12),(244,4,'Farfall',2,14),(128,5,'Fusilli',1,15),(32,6,'Farfall',2,18),(133,4,'Pasta Lista Carbonara',2,16),(353,4,'Rigati',2,16),(21,5,'Spaguetti Carbonara',1,17),(250,4,'Gnocchi de Papa',3,13),(186,6,'Rigati',2,16),(198,5,'tallarines',3,13),(288,4,'Farfall',1,11),(205,5,'Tortelloni pesto',1,13),(121,6,'Spaguetti Carbonara',3,11),(40,4,'Tortelloni pesto',1,16),(337,5,'Fusilli',2,15),(286,5,'Fetuccini',2,14),(229,6,'Fusilli',2,17),(74,4,'Gnocchi de Papa',3,16),(268,4,'Farfall',3,12),(204,5,'Pasta Lista Carbonara',1,18),(492,5,'Fetuccini',2,17),(185,5,'Pasta Lista Carbonara',2,18),(2,5,'Rigati',1,17),(329,5,'Spaguetti Carbonara',3,13),(374,4,'Fusilli',3,16),(141,4,'Farfall',2,15),(81,6,'Fetuccini',3,17),(170,5,'Tortelloni pesto',1,12),(201,5,'tallarines',2,10),(216,4,'Pasta Lista Carbonara',3,17),(344,6,'Gnocchi de Papa',1,10),(215,6,'Ravioli Carne',2,18),(289,4,'Ravioli Carne',1,18),(115,6,'Gnocchi de Papa',2,14),(138,5,'Spaguetti Carbonara',2,10),(59,6,'Farfall',2,13),(63,5,'Fusilli',2,11),(230,4,'Tortelloni pesto',1,16),(368,5,'Gnocchi de Papa',2,10),(428,6,'Gnocchi de Papa',2,13),(313,5,'Ravioli Carne',3,16),(115,6,'Tortelloni pesto',2,14),(1,4,'Rigati',3,14),(395,5,'Pasta Lista Carbonara',1,18),(58,5,'Tortelloni pesto',2,17),(440,6,'Spaguetti Carbonara',2,12),(335,4,'Fusilli',2,15),(429,6,'Caracoles',3,16),(396,6,'Pasta Lista Carbonara',2,18),(130,5,'Spaguetti Carbonara',2,17),(402,6,'Fusilli',2,17),(234,4,'Ravioli Carne',2,12),(172,5,'Tortelloni pesto',2,16),(159,4,'Caracoles',2,18),(134,6,'Spaguetti Carbonara',2,18),(287,5,'Fusilli',3,18),(441,5,'tallarines',2,15),(232,6,'Farfall',3,16),(266,5,'Pasta Lista Carbonara',2,12),(104,5,'Fetuccini',2,17),(53,5,'Gnocchi de Papa',2,11),(153,6,'Farfall',1,15),(316,5,'Rigati',2,13),(354,6,'Fetuccini',2,17),(68,5,'Farfall',3,13),(142,5,'Fetuccini',3,13),(267,5,'tallarines',1,16),(480,5,'Gnocchi de Papa',2,18),(117,5,'Pasta Lista Carbonara',2,12),(44,6,'tallarines',2,12),(19,6,'Farfall',3,17),(336,5,'Caracoles',1,11),(352,5,'Spaguetti Carbonara',1,15),(167,5,'Rigati',3,17),(270,6,'Tortelloni pesto',3,17),(350,4,'Gnocchi de Papa',2,18),(11,6,'Tortelloni pesto',2,16),(67,4,'Farfall',2,17),(59,5,'Spaguetti Carbonara',2,11),(173,5,'Pasta Lista Carbonara',3,17),(288,5,'Rigati',2,16),(303,5,'Gnocchi de Papa',2,13),(68,5,'Tortelloni pesto',1,12),(404,5,'Pasta Lista Carbonara',2,14),(116,5,'Farfall',1,18),(248,5,'Farfall',3,18),(475,4,'Tortelloni pesto',3,18),(399,4,'Farfall',2,10),(195,5,'Rigati',3,12),(284,6,'Rigati',2,10),(321,4,'Pasta Lista Carbonara',1,15),(416,5,'Rigati',1,14),(259,5,'Rigati',3,16),(289,6,'Tortelloni pesto',1,14),(478,6,'Fusilli',2,16),(400,5,'Fetuccini',2,15),(452,4,'Fetuccini',2,17),(446,6,'Rigati',3,14),(422,5,'Spaguetti Carbonara',2,16),(276,4,'Caracoles',2,15),(69,5,'Caracoles',3,14),(292,4,'Spaguetti Carbonara',1,11),(45,5,'Gnocchi de Papa',2,15),(174,6,'tallarines',2,16),(20,4,'Fetuccini',3,18),(142,4,'tallarines',2,10),(112,5,'Caracoles',2,17),(147,6,'Fusilli',3,15),(377,5,'Gnocchi de Papa',1,16),(324,5,'Gnocchi de Papa',3,18),(38,6,'Rigati',1,12),(17,6,'tallarines',3,11),(320,5,'tallarines',2,10),(161,4,'Fusilli',3,14),(97,4,'Spaguetti Carbonara',2,10),(464,4,'Fusilli',1,17),(339,5,'tallarines',1,13),(113,5,'Farfall',2,17),(105,4,'Spaguetti Carbonara',2,10),(354,5,'Tortelloni pesto',2,14),(179,5,'tallarines',1,10),(297,4,'Fusilli',3,11),(68,5,'Ravioli Carne',3,18),(481,5,'tallarines',2,10),(158,4,'Caracoles',1,14),(48,6,'Fusilli',2,18),(158,6,'Rigati',3,18),(172,4,'Tortelloni pesto',1,11),(441,4,'Caracoles',1,13),(65,6,'Fetuccini',2,18),(73,4,'Pasta Lista Carbonara',3,14),(24,6,'tallarines',1,16),(147,5,'Rigati',3,18),(468,5,'Gnocchi de Papa',1,12),(59,5,'Tortelloni pesto',1,11),(216,5,'Caracoles',2,17),(456,5,'Spaguetti Carbonara',3,14),(47,5,'Gnocchi de Papa',3,15),(234,5,'Farfall',2,15),(427,5,'Spaguetti Carbonara',2,11),(254,6,'tallarines',1,14),(476,6,'Rigati',1,12),(319,4,'Farfall',1,13),(413,5,'tallarines',3,11),(328,5,'Caracoles',2,10),(364,6,'Farfall',2,17),(272,5,'Pasta Lista Carbonara',3,14),(398,5,'Farfall',3,16),(201,4,'Rigati',2,17),(13,5,'Fetuccini',2,15),(341,5,'Tortelloni pesto',1,10),(202,4,'Spaguetti Carbonara',2,15),(236,4,'tallarines',2,18),(37,5,'Pasta Lista Carbonara',2,17),(71,5,'Gnocchi de Papa',2,11),(218,6,'Pasta Lista Carbonara',2,13),(364,6,'tallarines',3,16),(497,5,'Spaguetti Carbonara',2,14),(308,5,'Fusilli',2,18),(359,5,'Spaguetti Carbonara',2,17),(172,4,'Spaguetti Carbonara',1,11),(75,5,'Ravioli Carne',2,11),(389,5,'Rigati',1,15),(167,4,'Gnocchi de Papa',2,13),(365,6,'Fusilli',1,13),(405,5,'Gnocchi de Papa',1,18),(27,5,'Spaguetti Carbonara',2,12),(479,5,'Caracoles',3,15),(189,5,'tallarines',3,16),(305,5,'Tortelloni pesto',1,17),(308,4,'Caracoles',2,11),(141,5,'Tortelloni pesto',2,15),(173,5,'Caracoles',2,17),(46,6,'Gnocchi de Papa',2,15),(343,6,'Pasta Lista Carbonara',1,16),(375,5,'Tortelloni pesto',2,16),(62,5,'Farfall',1,17),(272,5,'Gnocchi de Papa',3,13),(479,4,'Fetuccini',2,18),(308,6,'Pasta Lista Carbonara',3,16),(384,5,'Rigati',1,17),(155,6,'Gnocchi de Papa',1,14),(375,5,'Caracoles',2,11),(302,5,'tallarines',2,11),(57,5,'Farfall',2,11),(493,5,'Tortelloni pesto',2,17),(53,4,'Farfall',1,17),(243,5,'Farfall',1,17),(352,4,'Farfall',2,18),(416,5,'Fetuccini',2,17),(106,4,'Fetuccini',3,17),(104,5,'Caracoles',2,12),(81,5,'Fusilli',2,14),(452,5,'Caracoles',2,18),(283,4,'tallarines',1,13),(497,4,'Farfall',2,14),(357,5,'Gnocchi de Papa',2,12),(348,6,'Caracoles',3,12),(198,5,'Rigati',2,13),(249,5,'Ravioli Carne',2,16),(188,4,'Spaguetti Carbonara',3,14),(42,4,'Ravioli Carne',2,11),(133,4,'Spaguetti Carbonara',1,11),(256,6,'Ravioli Carne',1,14),(452,6,'Gnocchi de Papa',2,14),(298,5,'Tortelloni pesto',2,16),(299,5,'Tortelloni pesto',3,14),(172,5,'Fusilli',3,14),(43,5,'Rigati',3,12),(55,5,'Farfall',1,15),(373,6,'Fusilli',3,11),(169,4,'Fusilli',2,14),(311,6,'Spaguetti Carbonara',1,15),(336,4,'Rigati',2,17),(117,6,'Tortelloni pesto',3,18),(65,6,'Gnocchi de Papa',1,15),(1,4,'Ravioli Carne',1,13),(78,5,'Caracoles',3,18),(200,5,'Rigati',2,18),(380,4,'Rigati',1,14),(178,5,'Tortelloni pesto',3,16),(9,5,'Fetuccini',2,15),(220,6,'Rigati',2,17),(363,5,'Fusilli',2,16),(110,5,'Ravioli Carne',1,12),(26,4,'tallarines',2,11),(258,6,'Farfall',1,16),(372,5,'Farfall',2,18),(499,5,'Fusilli',3,11),(377,6,'Fusilli',1,16),(487,5,'Fetuccini',1,15),(194,4,'Gnocchi de Papa',2,11),(381,6,'Fusilli',2,15),(144,4,'Fusilli',1,16),(241,5,'Farfall',2,14),(85,5,'Fetuccini',2,11),(213,5,'Caracoles',3,18),(32,5,'Spaguetti Carbonara',2,17),(328,6,'Farfall',2,13),(3,5,'Fetuccini',3,12),(186,4,'Gnocchi de Papa',1,14),(28,5,'Farfall',3,18),(452,6,'Ravioli Carne',3,16),(401,5,'Pasta Lista Carbonara',3,12),(211,5,'Tortelloni pesto',1,16),(432,6,'Gnocchi de Papa',2,10),(14,5,'Caracoles',2,17),(202,6,'tallarines',2,13),(100,6,'Caracoles',1,16),(248,4,'Tortelloni pesto',2,18),(415,5,'Spaguetti Carbonara',2,18),(161,6,'Farfall',2,12),(229,6,'Spaguetti Carbonara',1,13),(484,6,'Pasta Lista Carbonara',3,13),(356,5,'tallarines',1,12),(380,4,'Fusilli',2,15),(356,4,'Rigati',2,13),(50,4,'Ravioli Carne',1,11),(364,5,'Spaguetti Carbonara',2,15),(309,4,'Fusilli',2,14),(49,5,'Fusilli',2,15),(485,6,'Spaguetti Carbonara',2,13),(366,5,'Caracoles',1,17),(25,6,'Ravioli Carne',3,12),(365,4,'Pasta Lista Carbonara',2,17),(125,5,'Ravioli Carne',2,13),(449,4,'Pasta Lista Carbonara',2,17),(303,5,'tallarines',2,18),(286,5,'Tortelloni pesto',3,13),(359,5,'Pasta Lista Carbonara',1,13),(10,4,'Spaguetti Carbonara',2,12),(368,5,'Caracoles',2,10),(406,4,'Ravioli Carne',1,16),(263,5,'tallarines',2,14),(432,5,'Rigati',2,14),(166,5,'Spaguetti Carbonara',1,17),(346,4,'Fusilli',2,18),(225,6,'tallarines',1,12),(12,5,'Fusilli',2,16),(159,6,'Ravioli Carne',2,15),(381,6,'Spaguetti Carbonara',3,12),(231,5,'Gnocchi de Papa',3,13),(233,5,'Fusilli',2,11),(290,4,'Caracoles',1,11),(352,5,'Ravioli Carne',2,16),(303,5,'tallarines',3,15),(308,5,'tallarines',1,13),(394,5,'Spaguetti Carbonara',3,13),(57,5,'Rigati',2,13),(48,4,'Tortelloni pesto',3,15),(137,5,'Spaguetti Carbonara',2,17),(277,5,'Fusilli',3,14),(264,4,'Rigati',2,16),(150,4,'Rigati',2,12),(72,4,'Gnocchi de Papa',2,12),(330,5,'Fetuccini',1,18),(494,5,'Rigati',2,11),(481,6,'Farfall',3,11),(5,5,'Tortelloni pesto',3,16),(201,5,'Fetuccini',1,11),(123,5,'Gnocchi de Papa',1,17),(315,4,'Fusilli',3,13),(175,5,'Gnocchi de Papa',2,14),(129,5,'Farfall',2,12),(93,4,'tallarines',2,10),(413,5,'Tortelloni pesto',3,15),(480,5,'Ravioli Carne',2,16),(423,5,'Fetuccini',1,13),(321,4,'tallarines',2,15),(68,6,'Rigati',2,14),(433,5,'Pasta Lista Carbonara',2,11),(159,5,'Pasta Lista Carbonara',1,13),(345,6,'Fetuccini',2,12),(195,5,'Gnocchi de Papa',3,15),(484,6,'Pasta Lista Carbonara',2,17),(335,6,'Gnocchi de Papa',2,15),(86,6,'Fetuccini',1,14),(275,4,'tallarines',3,12),(449,4,'Caracoles',1,12),(468,4,'Fusilli',2,16),(69,4,'Fetuccini',2,13),(477,6,'Spaguetti Carbonara',3,12),(320,4,'tallarines',2,10),(26,5,'Spaguetti Carbonara',2,13),(430,5,'Fetuccini',2,13),(32,4,'Fusilli',2,18),(78,5,'Fetuccini',2,11),(451,5,'tallarines',2,10),(466,5,'Caracoles',1,15),(460,6,'Fetuccini',2,18),(38,6,'tallarines',3,16),(176,6,'Rigati',3,13),(53,4,'Rigati',1,11),(36,4,'Ravioli Carne',2,12),(343,6,'tallarines',2,18),(227,6,'tallarines',3,12),(234,4,'Spaguetti Carbonara',3,14),(79,5,'tallarines',2,18),(406,6,'Farfall',2,15),(303,5,'Tortelloni pesto',2,12),(347,5,'Farfall',2,14),(167,6,'Gnocchi de Papa',2,11),(346,5,'Spaguetti Carbonara',2,15),(49,5,'Pasta Lista Carbonara',3,11),(294,4,'Fetuccini',2,18),(387,6,'Gnocchi de Papa',2,14),(212,5,'Rigati',1,14),(1,5,'Rigati',1,17),(36,5,'Fetuccini',2,18),(78,5,'tallarines',1,12),(461,5,'Fetuccini',1,11),(449,6,'Gnocchi de Papa',2,12),(122,5,'Caracoles',2,18),(151,5,'Tortelloni pesto',1,18),(379,5,'Rigati',3,11),(182,5,'tallarines',3,12),(7,5,'Farfall',2,18),(258,4,'tallarines',3,16),(90,4,'tallarines',1,18),(361,5,'Gnocchi de Papa',3,12),(271,4,'Fetuccini',2,11),(351,6,'Fusilli',2,11),(30,5,'Fusilli',3,16),(394,6,'tallarines',1,16),(289,6,'Farfall',2,16),(374,5,'Gnocchi de Papa',2,12),(183,6,'Spaguetti Carbonara',3,10),(356,5,'Gnocchi de Papa',2,14),(165,4,'Tortelloni pesto',2,12),(105,6,'Caracoles',3,15),(109,5,'Gnocchi de Papa',1,14),(385,5,'Farfall',3,11),(325,5,'Pasta Lista Carbonara',2,14),(287,5,'Caracoles',1,12),(149,4,'Ravioli Carne',2,15),(371,6,'Gnocchi de Papa',2,13),(255,6,'Fetuccini',2,12),(190,4,'Fetuccini',2,17),(324,5,'tallarines',1,12),(379,4,'Fetuccini',1,18),(210,4,'Pasta Lista Carbonara',1,16),(323,5,'Ravioli Carne',3,12),(54,6,'Fusilli',2,14),(467,4,'Spaguetti Carbonara',1,11),(374,5,'Rigati',2,11),(183,4,'Ravioli Carne',1,10),(285,5,'Farfall',2,17),(437,5,'Fetuccini',2,13),(295,4,'Pasta Lista Carbonara',2,14),(52,6,'Caracoles',3,18),(67,4,'Pasta Lista Carbonara',1,16),(175,6,'Rigati',2,10),(291,4,'Pasta Lista Carbonara',2,14),(7,5,'Fusilli',2,11),(16,4,'Fetuccini',2,18);
/*!40000 ALTER TABLE `lineaPedido` ENABLE KEYS */;
UNLOCK TABLES;

--
-- Table structure for table `pedido`
--

DROP TABLE IF EXISTS `pedido`;
/*!40101 SET @saved_cs_client     = @@character_set_client */;
/*!50503 SET character_set_client = utf8mb4 */;
CREATE TABLE `pedido` (
  `identificador` int NOT NULL AUTO_INCREMENT,
  `fechaHora` datetime DEFAULT NULL,
  `direccionEntrega` varchar(100) COLLATE utf8mb3_spanish2_ci NOT NULL,
  `telefonoContacto` char(9) COLLATE utf8mb3_spanish2_ci NOT NULL,
  `dni` char(9) COLLATE utf8mb3_spanish2_ci NOT NULL,
  PRIMARY KEY (`identificador`),
  KEY `dni` (`dni`),
  CONSTRAINT `pedido_ibfk_1` FOREIGN KEY (`dni`) REFERENCES `repartidor` (`dni`)
) ENGINE=InnoDB AUTO_INCREMENT=501 DEFAULT CHARSET=utf8mb3 COLLATE=utf8mb3_spanish2_ci;
/*!40101 SET character_set_client = @saved_cs_client */;

--
-- Dumping data for table `pedido`
--

LOCK TABLES `pedido` WRITE;
/*!40000 ALTER TABLE `pedido` DISABLE KEYS */;
INSERT INTO `pedido` VALUES (1,'2023-05-29 01:01:33','Ap #629-8958 Ultrices. St.','947853735','28982891L'),(2,'2023-11-22 15:02:24','5733 Posuere Rd.','631344812','54836838F'),(3,'2024-05-04 19:31:43','457-2556 Ridiculus Rd.','607183265','35055748R'),(4,'2023-05-29 13:49:51','645-3134 Ipsum Road','687456669','12525504X'),(5,'2023-09-09 17:38:45','P.O. Box 903, 2513 Vitae Road','930614453','75452092M'),(6,'2024-11-08 06:57:01','Ap #571-9827 Aliquam, Rd.','949815130','31584804C'),(7,'2023-08-01 08:52:18','939-5151 Dui, Street','645812895','75452092M'),(8,'2024-03-24 00:39:57','P.O. Box 660, 6512 Mi, Road','655640828','53173926L'),(9,'2023-04-09 20:25:26','Ap #254-6470 In St.','636767856','72686731U'),(10,'2023-01-02 12:28:09','792-9587 In Rd.','624021846','18538202F'),(11,'2024-07-11 02:35:24','2162 Pede Rd.','946515690','72686731U'),(12,'2023-11-30 17:26:47','P.O. Box 645, 8405 Magna St.','688283261','46356232D'),(13,'2024-04-22 14:16:27','781-6488 Non Ave','947149200','28642741S'),(14,'2022-12-05 01:50:06','681-4740 Magna. Rd.','955368814','64471651E'),(15,'2024-02-01 12:57:51','Ap #883-9983 Penatibus Rd.','965686212','36552043B'),(16,'2023-12-08 10:08:25','Ap #660-3830 Odio Ave','603946741','68836567S'),(17,'2023-08-07 15:01:23','997-1704 Cras Rd.','624209944','54345838K'),(18,'2024-08-23 00:08:55','Ap #585-8572 Egestas St.','981722383','41452548E'),(19,'2024-08-02 14:17:21','Ap #493-4823 Praesent Ave','905531771','62817222P'),(20,'2023-08-07 12:46:16','274-5158 Duis Street','914129308','36552043B'),(21,'2024-02-10 13:02:31','994-7702 Dictum Street','944047614','72686731U'),(22,'2024-09-23 20:34:52','Ap #379-8440 Sit Avenue','923336504','13567623Q'),(23,'2023-06-05 06:06:42','Ap #108-5771 Nisi. St.','972147731','49252050O'),(24,'2023-11-23 08:54:30','667-6832 Consequat Street','981849217','76483377U'),(25,'2024-09-14 11:10:09','P.O. Box 950, 5095 Purus St.','658526332','76483377U'),(26,'2024-07-03 18:22:55','425-3171 Ante Road','955409323','15716718L'),(27,'2024-03-27 09:11:41','128-5230 Duis Rd.','611508498','12525504X'),(28,'2024-04-18 05:18:23','Ap #536-7861 Consequat Road','632785283','41452548E'),(29,'2024-06-27 22:11:58','961-265 Eu St.','915877388','19240710Q'),(30,'2023-12-10 04:00:58','5326 Quis St.','971028176','28642741S'),(31,'2023-01-07 06:26:39','P.O. Box 116, 4310 Morbi Rd.','954815253','46356232D'),(32,'2023-05-02 18:56:34','Ap #104-6685 Ornare Avenue','910314846','19240710Q'),(33,'2024-09-26 08:24:18','P.O. Box 831, 8387 Malesuada Rd.','978651817','36552043B'),(34,'2023-04-18 00:55:36','858-1224 Eget, Av.','993184114','49252050O'),(35,'2024-09-28 06:32:55','8631 Est, Avenue','958140173','31544010Y'),(36,'2023-08-06 23:29:19','163-8702 Egestas Rd.','612948114','37477437S'),(37,'2024-07-05 02:56:48','Ap #337-9859 In Ave','634734610','28982891L'),(38,'2024-01-10 17:55:18','Ap #827-6625 Accumsan Street','907350743','18538202F'),(39,'2023-10-10 02:30:02','193-5622 Nunc, St.','684686661','61343881H'),(40,'2024-04-09 01:48:59','401-4729 Elit, Rd.','652958777','31544010Y'),(41,'2023-05-31 07:27:37','3678 Est. St.','931456423','13567623Q'),(42,'2023-07-15 06:45:24','146-5801 Turpis Av.','975872122','68836567S'),(43,'2024-09-08 21:10:05','Ap #472-1434 Lacus. Street','651121873','13567623Q'),(44,'2023-01-08 10:30:42','Ap #909-8399 Viverra. Ave','682017203','31584804C'),(45,'2024-05-09 22:54:46','Ap #858-6187 Orci, Road','903466130','12525504X'),(46,'2024-04-23 12:44:19','7634 Ligula St.','642447148','53173926L'),(47,'2023-02-25 07:33:33','8469 Pede. St.','933227102','41452548E'),(48,'2024-06-06 18:45:29','Ap #898-5023 Turpis. Road','610615612','37477437S'),(49,'2023-01-06 02:30:38','Ap #570-8077 Arcu Av.','919517707','94322785M'),(50,'2024-03-14 20:10:04','772-4342 Fusce St.','985425117','47656354S'),(51,'2023-01-23 06:43:13','Ap #797-9816 Id Ave','955777828','49252050O'),(52,'2023-07-17 18:48:51','476-6794 Fermentum St.','617463705','48594112V'),(53,'2024-10-30 01:55:25','P.O. Box 407, 4640 Curabitur St.','933641354','54345838K'),(54,'2023-08-13 09:29:33','658-2263 Nisl. Street','989324714','76483377U'),(55,'2023-01-02 00:48:13','Ap #130-1794 Laoreet Rd.','967857116','53173926L'),(56,'2023-09-13 13:40:54','Ap #245-9807 Tincidunt. Rd.','929652117','41452548E'),(57,'2023-10-26 06:16:05','Ap #328-417 Venenatis Rd.','928299713','71447335R'),(58,'2023-01-26 19:57:15','P.O. Box 324, 2266 Morbi Avenue','941868513','71447335R'),(59,'2024-10-17 20:46:01','2414 Consectetuer Rd.','952503466','44472354T'),(60,'2023-11-19 06:57:13','7437 Arcu. St.','908341675','46356232D'),(61,'2024-08-24 20:24:06','636-353 Enim. Rd.','662895135','53173926L'),(62,'2024-02-07 11:34:14','P.O. Box 778, 3363 Arcu. Ave','672358523','31584804C'),(63,'2023-04-07 13:19:07','Ap #939-939 Dui, St.','959157361','13567623Q'),(64,'2024-05-28 10:36:57','Ap #335-2051 Vitae St.','911625748','15716718L'),(65,'2024-02-04 09:10:01','375-4619 Eu Rd.','938639483','12525504X'),(66,'2024-10-28 00:18:27','228-916 Eget Rd.','963221285','75452092M'),(67,'2024-07-06 09:03:19','P.O. Box 656, 8256 Ultrices St.','688131733','44472354T'),(68,'2024-01-09 08:25:00','P.O. Box 232, 8476 Ligula. Av.','987235142','13567623Q'),(69,'2023-03-28 14:33:12','Ap #662-2803 Bibendum St.','644677223','15716718L'),(70,'2023-12-10 17:12:03','700-7238 Molestie Av.','973628950','46356232D'),(71,'2024-10-01 14:28:12','Ap #458-2579 Fusce Avenue','938446972','36552043B'),(72,'2023-11-16 16:51:01','909-8066 Ipsum Av.','917377322','31584804C'),(73,'2022-12-23 05:33:50','8563 Ac Rd.','937021226','28642741S'),(74,'2023-03-29 11:33:43','Ap #704-7889 Urna Road','956987882','76483377U'),(75,'2024-06-12 20:38:58','442-2645 Convallis Rd.','698337535','68836567S'),(76,'2024-08-30 21:19:20','591-1552 Adipiscing Rd.','991252252','31584804C'),(77,'2023-09-26 15:09:46','Ap #683-9021 Sociis Road','638985288','31584804C'),(78,'2024-05-28 04:15:20','P.O. Box 246, 8158 Duis Rd.','979845840','18538202F'),(79,'2023-07-06 15:49:53','Ap #555-6764 Nibh. Avenue','932986205','36552043B'),(80,'2023-12-12 19:19:47','3834 Odio St.','627185767','19240710Q'),(81,'2023-07-06 03:43:54','132-5928 At Rd.','615487558','61343881H'),(82,'2023-09-15 02:12:10','2605 Dolor Road','647107367','18538202F'),(83,'2023-11-17 03:32:20','Ap #722-2792 Elementum, Av.','682152471','28642741S'),(84,'2024-04-07 13:43:07','339-9569 Vitae Avenue','647584840','37477437S'),(85,'2023-05-25 23:12:17','374-9348 Rutrum. St.','948052766','37477437S'),(86,'2023-03-18 22:09:46','3467 Pede. Rd.','637725936','76483377U'),(87,'2024-10-04 18:00:21','Ap #539-1485 Nunc St.','688772258','68836567S'),(88,'2024-04-23 02:57:05','231-8978 Dapibus Ave','956697832','76483377U'),(89,'2024-05-08 15:24:03','P.O. Box 571, 127 Fringilla Road','601165649','48594112V'),(90,'2024-01-19 14:54:05','853-9188 Amet St.','908030479','31544010Y'),(91,'2024-10-24 10:45:46','4504 Ligula. St.','964797252','54345838K'),(92,'2023-11-14 00:42:55','P.O. Box 877, 5457 Id Ave','938775187','35055748R'),(93,'2024-10-05 16:14:52','6214 Nulla Avenue','654136841','48594112V'),(94,'2023-01-30 06:19:31','9585 Sed Avenue','948858560','94322785M'),(95,'2024-07-30 19:18:56','P.O. Box 107, 4480 Sed Street','925627165','15716718L'),(96,'2024-05-15 23:02:03','896-762 Felis St.','987466922','31544010Y'),(97,'2023-11-19 00:31:24','522-4777 Elementum, Avenue','977628174','72686731U'),(98,'2023-06-17 10:29:27','P.O. Box 101, 5818 Pellentesque. Avenue','664869980','28642741S'),(99,'2023-03-06 00:41:36','Ap #750-638 Augue St.','655360715','41452548E'),(100,'2024-02-10 22:55:17','Ap #948-5270 Semper Road','605543549','62817222P'),(101,'2023-01-03 22:26:55','318-3324 Integer Rd.','931583620','15716718L'),(102,'2024-05-21 00:50:52','Ap #246-7670 Sem Ave','953859727','71447335R'),(103,'2022-12-03 09:56:27','606-6685 Nunc Road','667216774','28642741S'),(104,'2024-10-10 21:09:54','P.O. Box 160, 3289 Mauris St.','907614114','18538202F'),(105,'2024-09-03 15:14:18','Ap #896-6813 In, Ave','907381588','61343881H'),(106,'2022-12-12 19:27:58','542-1269 Libero Avenue','672563483','64471651E'),(107,'2023-08-01 15:29:42','523-7114 Interdum St.','638414588','44472354T'),(108,'2023-04-26 22:05:48','Ap #328-8832 Nec St.','667311882','35343312H'),(109,'2023-11-28 02:23:53','P.O. Box 160, 4146 Libero. St.','676984323','54836838F'),(110,'2024-01-02 08:44:35','P.O. Box 831, 9060 Nunc Ave','926373385','15716718L'),(111,'2024-09-22 10:01:35','8713 Dolor Av.','667465555','41452548E'),(112,'2023-06-11 18:36:34','6589 Aliquam St.','939147368','54345838K'),(113,'2023-12-09 22:29:36','P.O. Box 498, 8243 Ut Rd.','672572475','64471651E'),(114,'2023-03-03 19:28:08','8727 Luctus Road','600752315','61343881H'),(115,'2024-09-23 15:55:56','3015 Dui, St.','618043353','94322785M'),(116,'2023-09-01 02:17:51','518-752 Varius St.','665862953','71447335R'),(117,'2023-12-19 08:20:39','Ap #197-9047 Proin Av.','621962156','48594112V'),(118,'2024-01-30 06:09:49','6281 Pharetra Ave','658538247','13567623Q'),(119,'2023-05-17 08:33:00','1865 Scelerisque St.','946842197','75452092M'),(120,'2023-10-18 12:54:45','650-2472 Odio. Rd.','953513121','71447335R'),(121,'2023-01-22 08:44:57','884-3485 Magna. St.','615591374','37477437S'),(122,'2023-08-07 14:29:53','Ap #894-8759 Metus Rd.','638511254','49252050O'),(123,'2022-12-17 20:31:02','P.O. Box 677, 5264 Nisi St.','934133682','19240710Q'),(124,'2023-07-07 18:58:18','P.O. Box 274, 8241 Tempus Ave','675223107','71447335R'),(125,'2022-11-17 07:31:15','683-2284 Non, St.','924856284','54836838F'),(126,'2024-02-19 23:38:52','Ap #976-4681 Netus Av.','673464011','54836838F'),(127,'2024-05-20 15:49:33','669-7322 Et St.','963163328','37477437S'),(128,'2023-06-02 09:31:25','Ap #823-9084 Quam Road','615815854','13567623Q'),(129,'2023-09-20 01:23:15','Ap #632-8891 Felis. Rd.','910193150','54836838F'),(130,'2024-10-03 22:07:53','P.O. Box 793, 325 Diam. Street','956978701','76483377U'),(131,'2024-10-04 01:35:02','149-2362 Nulla Street','927223021','64471651E'),(132,'2023-08-12 04:32:09','735-8583 Mi Rd.','961917304','54345838K'),(133,'2024-08-29 06:16:57','Ap #520-3422 Dictum. St.','985278337','28982891L'),(134,'2023-06-20 03:29:42','899-629 Auctor Rd.','961953226','71434068S'),(135,'2024-09-06 11:17:13','Ap #583-1120 Tristique Rd.','970935514','46356232D'),(136,'2024-03-17 03:10:30','5981 Cursus Road','636416332','62817222P'),(137,'2023-01-18 16:08:41','325-5656 Nulla St.','631558838','37477437S'),(138,'2023-07-25 19:26:28','Ap #262-8916 Iaculis, Av.','684718678','35343312H'),(139,'2022-12-15 20:41:20','290-8037 Enim Street','617824024','36552043B'),(140,'2024-01-26 20:16:23','252-971 Tincidunt Rd.','979316195','53173926L'),(141,'2023-08-11 13:02:22','5954 Orci. Rd.','616169778','68836567S'),(142,'2023-01-14 16:28:27','532-5643 A Avenue','657346407','94322785M'),(143,'2023-05-01 17:15:43','797-4725 Eu Rd.','646183148','15716718L'),(144,'2024-02-29 13:25:40','P.O. Box 697, 4170 Rhoncus Avenue','923154314','54836838F'),(145,'2023-12-25 11:43:32','P.O. Box 150, 3415 Eget Av.','692487382','13567623Q'),(146,'2024-06-17 14:17:40','566-9507 Risus. Av.','617722187','49252050O'),(147,'2023-02-17 22:40:37','666-705 Pharetra. St.','617517788','13567623Q'),(148,'2023-11-23 15:36:05','P.O. Box 344, 5912 Interdum Av.','923332814','62817222P'),(149,'2023-03-27 05:09:06','2365 Nisi Street','926250869','31544010Y'),(150,'2024-05-08 21:18:11','5762 Fringilla Road','933534428','71434068S'),(151,'2023-04-01 21:55:56','175-3088 Dis Rd.','912237834','71447335R'),(152,'2023-04-28 00:00:35','536-8677 Tellus. Rd.','913341777','48594112V'),(153,'2024-07-09 07:19:21','429-4420 Vitae St.','962661483','76483377U'),(154,'2024-01-12 12:57:19','280-1568 Sed Ave','689666584','12525504X'),(155,'2024-07-14 07:34:56','P.O. Box 193, 2724 Non Ave','658864584','28642741S'),(156,'2024-05-03 18:24:35','200-7672 Montes, Rd.','952948177','54345838K'),(157,'2024-03-22 12:33:26','Ap #880-5228 Et, St.','605065867','44472354T'),(158,'2024-01-28 00:30:47','213 Ornare Street','936168683','54836838F'),(159,'2023-11-27 23:21:01','579-2725 Sapien Ave','997158275','28642741S'),(160,'2024-04-26 18:22:22','Ap #372-8648 Tincidunt Street','930757503','71447335R'),(161,'2023-02-06 23:25:21','P.O. Box 603, 7719 Eget St.','652994679','44472354T'),(162,'2024-05-07 05:20:03','3492 Cursus Rd.','977464363','71434068S'),(163,'2024-10-10 15:40:53','P.O. Box 614, 8343 Vitae, Avenue','987724425','54345838K'),(164,'2023-01-07 03:24:05','757-6392 Vel Ave','652244460','19240710Q'),(165,'2024-07-04 03:31:36','Ap #804-2166 Euismod Rd.','911532679','72686731U'),(166,'2023-11-01 14:31:33','964-6345 Dui Av.','921376276','94322785M'),(167,'2023-11-20 23:06:21','808-2410 Quam. Avenue','961443411','76483377U'),(168,'2024-03-16 13:05:54','Ap #947-2912 Accumsan Rd.','649658287','13567623Q'),(169,'2023-11-22 13:24:02','170-8759 Non, Road','678377132','75452092M'),(170,'2023-12-08 22:22:12','Ap #868-1318 Urna. Rd.','649812101','37477437S'),(171,'2023-08-12 05:28:07','Ap #476-4503 Non Avenue','665147788','64471651E'),(172,'2024-10-18 00:52:17','8501 Praesent Av.','677680642','71434068S'),(173,'2023-12-21 22:28:11','Ap #390-4339 Maecenas Av.','667772364','48594112V'),(174,'2022-11-19 22:34:44','Ap #924-2141 Aliquam Ave','982385088','41452548E'),(175,'2024-10-25 11:36:51','6752 A, St.','661818652','68836567S'),(176,'2023-03-13 04:48:42','P.O. Box 150, 1035 Semper St.','656508135','12525504X'),(177,'2023-12-25 11:44:35','656 Aenean St.','643654468','72686731U'),(178,'2024-05-03 20:59:19','Ap #414-8636 Dolor St.','928767136','62817222P'),(179,'2024-08-11 17:22:40','9235 Placerat, Street','666097992','46356232D'),(180,'2023-01-23 06:17:12','P.O. Box 688, 9471 Fusce Av.','977366545','44472354T'),(181,'2024-01-13 23:47:23','872-4460 Cras St.','920076757','47656354S'),(182,'2024-09-13 20:24:31','608 Mollis. Rd.','946522533','76483377U'),(183,'2024-07-20 05:04:58','Ap #594-7512 Ut Av.','995171767','35343312H'),(184,'2024-01-09 21:38:03','P.O. Box 481, 8864 Libero Rd.','931514271','76483377U'),(185,'2022-12-08 16:51:54','Ap #781-162 Magna Rd.','601045334','36552043B'),(186,'2023-09-18 04:41:20','Ap #686-8717 Luctus Rd.','975787442','28642741S'),(187,'2024-08-18 06:31:01','232-1168 Amet, St.','937556668','61343881H'),(188,'2024-02-13 06:56:47','P.O. Box 220, 759 Fames Street','682493447','54836838F'),(189,'2023-02-19 00:31:13','Ap #870-1569 Lorem Ave','626405441','15716718L'),(190,'2024-09-27 19:50:12','6361 Velit Ave','694247168','13567623Q'),(191,'2023-04-03 06:29:00','Ap #679-3783 Feugiat Rd.','671443318','28642741S'),(192,'2023-12-11 07:28:30','P.O. Box 991, 3642 Bibendum Av.','673585571','36552043B'),(193,'2024-03-19 00:46:27','Ap #995-323 Tempus, St.','626741581','41452548E'),(194,'2024-01-20 15:15:23','1504 Felis. Avenue','671252437','68836567S'),(195,'2024-06-21 17:40:42','685-1617 Lacinia. Av.','921847335','68836567S'),(196,'2024-08-07 10:57:53','P.O. Box 462, 991 Felis Road','661863663','13567623Q'),(197,'2024-03-22 22:29:14','P.O. Box 484, 8711 Mi. Rd.','681815546','12525504X'),(198,'2024-06-26 19:48:43','198-3979 Non, Avenue','998285811','31584804C'),(199,'2023-06-28 20:34:02','856-3997 Dolor. Street','688032274','35343312H'),(200,'2024-02-09 07:04:50','P.O. Box 446, 9747 Odio. Rd.','653752146','75452092M'),(201,'2023-05-14 08:25:38','873-3825 Integer Street','987862647','35343312H'),(202,'2023-05-01 05:00:47','7649 Dolor Av.','946038681','64471651E'),(203,'2022-12-09 20:34:25','Ap #788-2441 Gravida Street','919524084','12525504X'),(204,'2024-08-06 01:53:09','6272 Tincidunt Av.','647725543','94322785M'),(205,'2023-10-11 21:01:42','Ap #103-5458 Et Street','997389821','12525504X'),(206,'2023-09-03 02:17:14','377-2788 Purus, St.','995435071','28982891L'),(207,'2023-03-07 12:58:32','1199 Eu, Rd.','951248730','71434068S'),(208,'2023-07-03 21:51:45','3648 Dui, Ave','908131726','48594112V'),(209,'2024-08-20 16:01:35','P.O. Box 245, 1148 Eleifend. Rd.','618288146','71447335R'),(210,'2024-11-09 23:53:41','P.O. Box 301, 6373 Amet, St.','688536467','75452092M'),(211,'2024-03-02 06:42:15','P.O. Box 519, 3355 Curabitur Avenue','647064353','47656354S'),(212,'2023-10-07 10:02:51','Ap #660-2179 Tortor, Av.','644123323','64471651E'),(213,'2023-05-16 03:52:12','873-6211 Blandit Ave','972805827','35343312H'),(214,'2023-05-27 08:48:01','472-375 Odio. Road','684502216','47656354S'),(215,'2023-05-21 09:55:04','9003 Habitant Street','947724825','71447335R'),(216,'2024-09-10 18:17:39','776-9064 Etiam Road','632471578','54345838K'),(217,'2024-03-30 10:47:47','Ap #727-8967 Arcu. Rd.','922304080','41452548E'),(218,'2023-03-21 19:34:18','Ap #138-5847 Sed Ave','693813613','54836838F'),(219,'2022-12-19 07:11:21','Ap #728-2030 Donec Av.','694791435','36552043B'),(220,'2024-08-21 23:01:33','224-6364 Interdum. Ave','608611818','15716718L'),(221,'2023-11-27 11:35:53','Ap #680-697 Tempor Street','980934572','72686731U'),(222,'2023-10-22 17:13:32','P.O. Box 211, 196 Semper Ave','622837199','19240710Q'),(223,'2022-12-23 18:18:28','9384 Vehicula Street','642830436','64471651E'),(224,'2022-12-31 21:31:29','3180 Volutpat Ave','617036234','76483377U'),(225,'2024-04-28 07:16:55','Ap #389-8806 Lacus. Rd.','965206676','71447335R'),(226,'2023-12-20 12:07:13','Ap #435-3494 Bibendum Rd.','911375125','53173926L'),(227,'2024-06-04 07:54:10','899-1329 Lorem St.','668851012','48594112V'),(228,'2023-05-11 16:07:26','P.O. Box 474, 530 Ridiculus Avenue','962658486','15716718L'),(229,'2024-06-05 03:16:27','P.O. Box 910, 808 Massa. Road','951556548','71434068S'),(230,'2024-05-31 05:40:27','Ap #595-443 Ullamcorper Rd.','637483290','35343312H'),(231,'2024-05-21 09:46:30','P.O. Box 711, 5234 Est, St.','644058273','19240710Q'),(232,'2023-01-12 11:39:07','P.O. Box 304, 787 Vestibulum Road','978425131','31584804C'),(233,'2024-07-04 04:40:43','P.O. Box 597, 5767 Phasellus Street','676027121','47656354S'),(234,'2024-05-05 15:54:04','Ap #728-9804 Eget, St.','677754930','47656354S'),(235,'2024-03-01 19:14:59','Ap #636-7474 Quis Street','951770875','94322785M'),(236,'2023-04-15 09:01:42','694-3601 Fusce St.','643969603','49252050O'),(237,'2023-01-05 15:36:18','783-3055 Scelerisque, Rd.','638511828','62817222P'),(238,'2022-11-18 14:24:45','Ap #773-563 Imperdiet Ave','683202366','75452092M'),(239,'2024-02-06 23:50:58','Ap #621-4622 Mauris Av.','661742485','71447335R'),(240,'2024-06-15 09:30:00','P.O. Box 521, 5063 Risus. St.','696483429','72686731U'),(241,'2024-07-12 10:45:10','Ap #625-7411 Eros Avenue','621099372','48594112V'),(242,'2024-10-26 09:09:47','P.O. Box 699, 3481 Fringilla Rd.','906818727','12525504X'),(243,'2023-04-03 00:25:37','Ap #784-6876 Neque. Rd.','677946855','28982891L'),(244,'2024-01-15 18:14:58','P.O. Box 400, 6166 Mauris Rd.','996224103','13567623Q'),(245,'2023-12-29 19:19:48','Ap #988-811 Mollis Street','663463160','18538202F'),(246,'2023-02-10 03:40:15','Ap #972-7802 Eu, Street','638538511','48594112V'),(247,'2023-05-24 20:17:58','787-7520 Nibh Road','963523178','15716718L'),(248,'2023-05-28 07:23:00','751-259 Metus Ave','988089534','44472354T'),(249,'2023-05-27 14:32:30','Ap #401-6039 Lacinia St.','983841746','94322785M'),(250,'2024-04-05 05:22:52','Ap #577-8720 Vulputate Rd.','603135154','46356232D'),(251,'2023-05-06 01:48:29','3132 Molestie Rd.','673334422','35055748R'),(252,'2024-03-29 10:30:03','Ap #347-1481 Enim, Avenue','635144740','44472354T'),(253,'2023-09-14 12:52:45','509-4792 Non, Road','980349352','31584804C'),(254,'2023-05-09 02:47:10','824-9642 Mi Av.','646151682','68836567S'),(255,'2023-03-12 17:45:44','9671 Diam Av.','919146240','75452092M'),(256,'2023-03-19 13:18:35','8636 Risus. Av.','678923723','28642741S'),(257,'2023-04-14 06:08:58','P.O. Box 153, 7146 Tellus. St.','965231610','36552043B'),(258,'2024-08-17 03:55:02','Ap #692-8440 Sed Ave','648489893','28982891L'),(259,'2024-08-07 00:15:51','P.O. Box 294, 7720 Interdum Av.','613336847','41452548E'),(260,'2023-12-31 03:37:51','925-7594 Sit Ave','957146456','46356232D'),(261,'2022-12-09 00:03:42','722-6006 Libero Street','688894481','36552043B'),(262,'2023-11-06 04:11:22','859-3963 Netus Avenue','621638535','68836567S'),(263,'2024-08-30 05:03:08','Ap #615-6719 Convallis St.','941247355','94322785M'),(264,'2023-04-06 06:10:34','908-7043 Vitae Avenue','921299769','49252050O'),(265,'2024-07-06 20:56:06','3771 Leo. Avenue','687191296','48594112V'),(266,'2023-05-27 22:47:20','687-8438 Facilisis Road','947667582','28982891L'),(267,'2023-02-11 15:27:13','Ap #154-947 Convallis St.','919058728','31584804C'),(268,'2023-10-18 06:51:24','9202 Tellus. Rd.','945139837','54836838F'),(269,'2024-01-15 03:24:51','433-9044 Quam, Ave','900914423','94322785M'),(270,'2022-12-18 20:57:54','401-4331 Cras St.','666133455','35055748R'),(271,'2023-10-09 04:49:14','P.O. Box 413, 8705 Volutpat. St.','609318833','13567623Q'),(272,'2023-03-01 07:01:27','594-6424 Aenean Road','934198084','49252050O'),(273,'2024-10-02 09:34:40','488-5154 Sit St.','658647527','35055748R'),(274,'2023-06-07 10:11:26','Ap #128-8149 Odio Rd.','655352011','49252050O'),(275,'2023-08-23 04:20:26','687-4402 Ut Ave','622176223','41452548E'),(276,'2023-08-18 12:41:53','358-9070 Mi Rd.','676785483','15716718L'),(277,'2023-05-24 20:04:28','5745 Tristique Rd.','900544793','15716718L'),(278,'2023-12-12 15:31:58','2482 Mauris Ave','951544028','48594112V'),(279,'2023-08-12 05:24:53','438-3972 Natoque Road','991655865','48594112V'),(280,'2024-11-03 16:05:15','Ap #391-6407 Fringilla St.','976423531','53173926L'),(281,'2023-11-21 12:12:31','130-372 Maecenas St.','647257678','18538202F'),(282,'2024-10-28 13:58:49','5308 Dolor Rd.','957641833','72686731U'),(283,'2024-03-17 07:12:24','Ap #897-7264 Natoque St.','685358138','94322785M'),(284,'2024-10-29 06:20:53','P.O. Box 594, 1941 Ligula. Road','961523346','53173926L'),(285,'2023-02-28 10:22:25','1100 Nullam Rd.','687052043','35055748R'),(286,'2024-09-21 20:32:37','P.O. Box 221, 2221 Consectetuer St.','684618487','76483377U'),(287,'2023-06-22 00:46:08','Ap #144-4599 Quisque Ave','947728820','41452548E'),(288,'2023-01-08 21:50:27','373-993 Quisque Av.','621187688','54836838F'),(289,'2024-05-04 04:30:02','Ap #956-9184 Quis Ave','965742543','28642741S'),(290,'2024-10-14 19:42:34','7215 Parturient Av.','668262755','54836838F'),(291,'2023-12-15 12:13:24','422-6618 Leo. Ave','924266375','41452548E'),(292,'2023-09-13 06:51:03','8836 Mauris Road','918026563','19240710Q'),(293,'2023-08-26 12:54:04','744-2010 In St.','956554297','35343312H'),(294,'2023-09-29 22:05:27','Ap #374-2159 Et St.','677737365','72686731U'),(295,'2022-12-18 23:11:48','P.O. Box 733, 547 Fusce Road','925487189','28642741S'),(296,'2024-01-25 22:07:55','Ap #599-5739 Aenean St.','973818635','44472354T'),(297,'2024-10-18 05:03:25','696-5525 Ligula. Road','657142480','44472354T'),(298,'2023-06-09 09:14:02','P.O. Box 649, 9861 Nonummy St.','636487633','41452548E'),(299,'2024-04-21 11:43:57','P.O. Box 247, 8052 Imperdiet Rd.','666354706','49252050O'),(300,'2024-05-18 19:12:41','977-5864 Suscipit Avenue','628566559','94322785M'),(301,'2023-01-25 00:45:18','106-7095 Diam Avenue','956233342','71447335R'),(302,'2024-03-27 01:49:50','Ap #437-3124 Convallis, Street','616656257','68836567S'),(303,'2023-10-13 16:12:35','Ap #178-8904 Mauris Ave','643116329','28982891L'),(304,'2024-04-04 00:34:32','P.O. Box 719, 6853 Porttitor Rd.','662404544','62817222P'),(305,'2024-01-18 21:30:08','Ap #267-7620 Sed Avenue','941421117','13567623Q'),(306,'2023-07-06 00:11:50','Ap #264-6431 Luctus Av.','909871432','47656354S'),(307,'2024-04-13 09:22:06','406-4074 Aenean St.','638458045','36552043B'),(308,'2024-03-02 19:20:00','871-3261 Dui Ave','637238516','76483377U'),(309,'2022-11-30 07:21:04','259-6080 Ante St.','638445368','94322785M'),(310,'2024-08-29 12:05:10','P.O. Box 545, 4167 Parturient St.','982037051','36552043B'),(311,'2023-08-22 09:07:19','Ap #927-6992 Vulputate Avenue','615324166','12525504X'),(312,'2024-08-07 13:05:59','742-7383 Integer Ave','917387761','75452092M'),(313,'2024-05-31 06:30:18','P.O. Box 381, 4129 Bibendum Ave','621185235','46356232D'),(314,'2024-10-07 04:01:12','862-8335 Magna. St.','931454892','37477437S'),(315,'2024-02-05 11:27:26','515-3699 Urna Street','912743810','71434068S'),(316,'2024-09-02 21:38:09','5717 Turpis. Avenue','933237506','15716718L'),(317,'2024-02-16 20:17:09','582-6043 Nam St.','961157582','54836838F'),(318,'2023-02-20 06:35:11','P.O. Box 270, 6933 Lacus. Road','601654013','31544010Y'),(319,'2023-08-06 13:25:10','244-3702 Elementum, St.','648464733','71434068S'),(320,'2024-07-23 23:21:46','P.O. Box 660, 4716 Dis Road','602268127','15716718L'),(321,'2023-09-28 22:00:15','Ap #714-766 Purus Av.','913626841','18538202F'),(322,'2022-11-23 01:15:49','126-2572 Lorem Road','986322381','49252050O'),(323,'2024-06-24 11:33:10','684-5009 Dictum Av.','663653333','41452548E'),(324,'2023-12-13 00:45:56','P.O. Box 892, 414 Fusce Avenue','955647311','53173926L'),(325,'2023-04-08 13:34:45','P.O. Box 642, 4494 Feugiat St.','647115849','18538202F'),(326,'2024-07-29 06:01:26','Ap #838-3510 Scelerisque Rd.','944177157','75452092M'),(327,'2023-01-02 10:20:20','2332 Laoreet Rd.','987668859','18538202F'),(328,'2024-07-26 21:19:08','324 Amet Road','918464607','54836838F'),(329,'2024-07-14 19:17:20','838-3924 Nunc Av.','613704260','37477437S'),(330,'2024-05-25 10:39:34','458-7980 Ac Rd.','658514323','18538202F'),(331,'2024-10-17 21:27:20','9968 Nisl Road','685726466','76483377U'),(332,'2023-06-07 22:33:32','8315 Velit Rd.','950081075','35055748R'),(333,'2023-12-26 08:52:50','P.O. Box 731, 3631 Mi, Avenue','904411821','44472354T'),(334,'2024-08-30 13:07:20','Ap #193-7033 Sed St.','694968424','54836838F'),(335,'2023-03-31 02:47:53','890-4405 Ut, Rd.','922146246','12525504X'),(336,'2024-02-16 11:13:15','Ap #787-3710 Natoque Rd.','673439769','37477437S'),(337,'2024-06-28 20:20:09','Ap #625-2835 Orci. Road','607622673','94322785M'),(338,'2023-04-30 06:41:27','192-6589 Pretium Rd.','927627101','68836567S'),(339,'2022-12-24 17:36:29','144-4845 Phasellus St.','646567585','46356232D'),(340,'2024-11-14 21:51:49','Ap #465-9677 Lacus. St.','611081885','94322785M'),(341,'2023-09-28 17:39:53','Ap #606-7241 Scelerisque Ave','963849362','12525504X'),(342,'2023-05-21 05:55:28','212-9714 Mauris Rd.','955841227','35343312H'),(343,'2024-10-13 05:09:42','Ap #720-257 Ut, St.','966265337','64471651E'),(344,'2023-07-04 20:26:50','751-3232 Ac Rd.','917711643','72686731U'),(345,'2022-12-14 13:23:38','322 Pede Rd.','957218715','71434068S'),(346,'2022-12-04 08:03:00','5571 Aliquam Street','955198144','72686731U'),(347,'2023-05-23 21:16:04','Ap #790-1003 Urna Rd.','996482046','71447335R'),(348,'2024-03-07 00:59:07','Ap #529-3579 Et Rd.','608161529','68836567S'),(349,'2024-11-08 15:26:01','P.O. Box 705, 8716 Ultricies St.','622986846','54836838F'),(350,'2024-01-14 19:58:29','753-3307 Elit, Ave','605263973','68836567S'),(351,'2023-10-14 05:58:34','Ap #307-7209 Enim Rd.','627601607','61343881H'),(352,'2022-12-19 00:56:04','Ap #584-9071 Ornare, Rd.','673272422','41452548E'),(353,'2024-07-08 11:41:32','Ap #830-258 Ornare St.','954622521','37477437S'),(354,'2023-11-27 18:05:53','Ap #631-4437 Etiam Av.','634776532','15716718L'),(355,'2022-11-29 22:18:23','P.O. Box 341, 5960 Sed St.','978190385','64471651E'),(356,'2024-05-01 18:58:00','886 Nec, Avenue','683526624','15716718L'),(357,'2023-09-22 07:11:30','9159 Magnis St.','628822860','31544010Y'),(358,'2023-11-16 02:10:57','829-9103 Aliquam Street','978335532','36552043B'),(359,'2024-07-13 22:48:33','P.O. Box 368, 2506 Sed, Av.','953028614','37477437S'),(360,'2024-01-24 11:51:30','7552 Enim. Av.','935567818','37477437S'),(361,'2024-03-05 17:54:41','P.O. Box 588, 1746 Nisi Avenue','990871271','35343312H'),(362,'2024-07-22 16:43:57','373-7848 Ante. Rd.','980860596','37477437S'),(363,'2023-02-23 01:52:46','5009 Sem, St.','684895174','18538202F'),(364,'2024-03-27 00:55:59','Ap #336-678 Odio. Ave','611923831','49252050O'),(365,'2022-11-28 10:01:15','P.O. Box 289, 265 In St.','983512314','35343312H'),(366,'2023-07-14 23:12:57','P.O. Box 844, 8722 Penatibus Ave','648173671','15716718L'),(367,'2024-10-15 10:02:33','Ap #625-4559 Felis. St.','634630810','94322785M'),(368,'2024-02-06 22:42:10','P.O. Box 169, 2067 Vivamus Street','671420981','19240710Q'),(369,'2023-01-28 21:56:38','Ap #365-9488 Ipsum Ave','687275424','37477437S'),(370,'2024-05-13 15:58:54','P.O. Box 966, 9981 Nunc Rd.','952885566','47656354S'),(371,'2024-06-12 04:06:35','P.O. Box 963, 7975 Sed Avenue','916697234','28642741S'),(372,'2023-12-31 19:35:35','3955 Ante Street','649435520','53173926L'),(373,'2023-11-08 19:26:18','Ap #949-5198 Leo. Av.','954436343','49252050O'),(374,'2023-02-03 06:51:56','Ap #680-4279 Et, Road','987434397','19240710Q'),(375,'2023-10-02 21:34:06','4499 Phasellus Av.','903546113','19240710Q'),(376,'2024-01-07 03:33:40','278-846 Risus. Rd.','943997086','61343881H'),(377,'2024-06-22 19:03:52','202-1141 Libero Road','625323832','61343881H'),(378,'2024-09-08 17:52:25','383-7073 Aliquam Rd.','941133860','71434068S'),(379,'2024-07-19 02:06:15','727-1179 Eu Ave','915648253','12525504X'),(380,'2024-02-14 17:23:42','6839 Consequat, Avenue','915797815','64471651E'),(381,'2023-10-31 05:47:02','Ap #511-1838 Ullamcorper Road','963275975','31544010Y'),(382,'2024-08-16 00:04:37','Ap #903-8435 Etiam St.','954009508','31584804C'),(383,'2022-11-24 02:53:45','Ap #142-7078 Lectus. Ave','969421466','28642741S'),(384,'2023-03-30 00:11:48','Ap #215-2525 Ante. Ave','646863404','13567623Q'),(385,'2022-12-02 07:12:31','824-9376 Orci. Av.','659416985','62817222P'),(386,'2023-12-03 01:31:40','105-8048 Rutrum, Street','651273884','76483377U'),(387,'2024-08-22 00:11:46','P.O. Box 428, 8258 Aliquam Av.','606853737','35343312H'),(388,'2023-01-31 20:58:20','Ap #313-960 Ipsum Rd.','967383361','68836567S'),(389,'2024-06-24 03:13:56','Ap #227-5822 Quis, Ave','673846961','94322785M'),(390,'2023-06-04 01:37:08','5428 Non, Street','945442382','76483377U'),(391,'2023-09-19 19:05:58','382-5705 Cras St.','923547453','48594112V'),(392,'2024-01-12 08:31:05','P.O. Box 168, 3984 Eu St.','964833772','94322785M'),(393,'2023-10-08 05:56:31','201 Enim, Street','953563603','94322785M'),(394,'2023-05-04 00:42:37','P.O. Box 598, 9479 Donec Avenue','656326722','61343881H'),(395,'2023-03-10 16:53:16','Ap #752-7602 Per St.','907683042','37477437S'),(396,'2024-02-03 16:54:56','P.O. Box 316, 3878 Scelerisque Street','654987702','15716718L'),(397,'2023-05-01 09:26:48','P.O. Box 969, 4809 Placerat. Road','962423396','53173926L'),(398,'2024-08-02 14:05:18','Ap #623-4362 Posuere Rd.','982186775','68836567S'),(399,'2024-01-15 03:11:59','5177 In Street','938181476','31544010Y'),(400,'2023-04-12 02:41:36','4528 Adipiscing St.','637461719','72686731U'),(401,'2023-10-07 10:06:05','Ap #102-5637 Sed St.','651656569','48594112V'),(402,'2023-03-28 05:02:15','884-8570 Metus St.','674695932','47656354S'),(403,'2022-12-20 05:14:33','665-6799 Facilisis Street','930702194','19240710Q'),(404,'2023-07-02 13:50:00','206-1400 Molestie Ave','644213186','31584804C'),(405,'2023-06-11 14:11:55','P.O. Box 516, 5836 Integer St.','644723270','28982891L'),(406,'2023-09-27 13:33:14','Ap #760-8700 Risus. Ave','626177484','47656354S'),(407,'2024-06-17 21:33:51','Ap #862-1925 A Av.','615004944','31544010Y'),(408,'2023-07-26 22:48:49','7659 Tortor, Ave','966587357','47656354S'),(409,'2024-06-04 12:11:50','P.O. Box 942, 4894 Amet Ave','643794935','47656354S'),(410,'2023-10-19 14:31:04','877-6801 Ac Road','915266494','72686731U'),(411,'2023-05-19 05:51:43','2142 Nullam Road','917206746','94322785M'),(412,'2023-12-19 18:02:06','625-7934 Vivamus St.','619247658','31544010Y'),(413,'2022-11-23 18:52:10','4213 Egestas Road','966531666','31544010Y'),(414,'2023-02-06 23:39:12','Ap #783-8896 Mus. Avenue','922243321','19240710Q'),(415,'2024-02-25 22:44:44','714-6844 Urna, Road','611854654','72686731U'),(416,'2023-10-12 19:02:49','7133 Ut Road','947491688','35055748R'),(417,'2024-04-08 13:35:32','Ap #473-5777 Non, St.','669433165','12525504X'),(418,'2023-04-14 09:06:53','Ap #633-2527 Sit Road','957357038','72686731U'),(419,'2023-11-17 09:38:02','Ap #701-3113 Donec St.','956238254','54345838K'),(420,'2022-12-29 09:55:21','P.O. Box 796, 190 Enim Avenue','650551094','47656354S'),(421,'2022-12-19 00:57:54','Ap #891-4652 Erat St.','657454935','62817222P'),(422,'2024-07-20 22:09:27','4411 Vestibulum. St.','984936481','61343881H'),(423,'2023-03-10 22:53:51','P.O. Box 210, 1506 Eleifend St.','644824823','18538202F'),(424,'2024-04-17 20:37:11','Ap #516-1653 Dolor. Rd.','684336822','46356232D'),(425,'2024-07-12 23:14:24','8340 Vestibulum Rd.','612234533','54836838F'),(426,'2024-08-20 13:44:56','Ap #439-7840 Diam Ave','938051053','28982891L'),(427,'2024-04-08 17:27:19','478-6497 Quisque Rd.','613316316','35055748R'),(428,'2023-07-21 15:00:06','6923 Nibh Street','664780645','94322785M'),(429,'2023-08-02 04:29:28','235-1536 Natoque St.','971372633','71447335R'),(430,'2024-10-11 07:20:06','3856 Auctor Ave','676417472','62817222P'),(431,'2024-08-16 04:16:37','1658 Ipsum Rd.','628700014','71447335R'),(432,'2024-03-10 17:05:59','923-6693 Erat Av.','945547308','31544010Y'),(433,'2023-09-10 05:57:48','8985 Eu St.','955167534','31544010Y'),(434,'2024-05-08 01:09:12','475-3515 At Av.','956477514','35343312H'),(435,'2023-07-31 18:59:56','Ap #941-5872 Dolor, Street','639006415','31544010Y'),(436,'2023-11-09 05:12:59','Ap #408-1905 Vestibulum St.','653523154','28982891L'),(437,'2023-09-29 12:05:37','4477 Nec Rd.','921120540','37477437S'),(438,'2023-12-12 09:38:36','Ap #682-9551 Dui, Rd.','680844733','46356232D'),(439,'2023-11-09 02:30:44','431-3307 Faucibus Ave','666834337','76483377U'),(440,'2022-12-25 06:47:32','160-7777 Blandit Street','621168434','62817222P'),(441,'2024-01-04 03:41:15','635-2513 Amet Avenue','685628924','47656354S'),(442,'2024-02-04 18:25:01','9549 Quisque Avenue','929144236','94322785M'),(443,'2023-04-12 07:29:48','396-2802 Risus. St.','919402421','18538202F'),(444,'2024-02-14 08:18:40','852-510 Non, Av.','658311661','94322785M'),(445,'2024-03-13 08:34:23','8285 Ante Ave','652456676','94322785M'),(446,'2024-01-29 11:12:42','Ap #225-4283 Venenatis Rd.','617426302','94322785M'),(447,'2024-07-20 12:27:28','654-7040 Velit Av.','683651848','61343881H'),(448,'2024-07-16 11:31:13','328 Nascetur Avenue','644952024','28982891L'),(449,'2023-06-26 06:35:56','P.O. Box 298, 2920 Eu, Rd.','637464181','47656354S'),(450,'2023-02-07 05:02:43','Ap #218-9491 Nunc St.','614025247','12525504X'),(451,'2023-05-09 18:32:07','Ap #967-6303 Egestas, Rd.','665222103','13567623Q'),(452,'2023-07-12 08:29:14','2486 Vivamus Road','963798885','61343881H'),(453,'2023-02-07 11:19:39','7006 Fusce Av.','698276232','49252050O'),(454,'2023-06-05 20:29:38','P.O. Box 851, 491 Eu Road','955826877','71447335R'),(455,'2024-09-14 22:54:26','1255 Aenean Road','612273803','76483377U'),(456,'2024-02-04 11:15:38','2840 Elementum, Av.','626704767','28982891L'),(457,'2024-01-09 16:53:44','Ap #470-6773 Interdum. Rd.','988735765','71447335R'),(458,'2022-11-26 10:10:44','P.O. Box 261, 8011 Ligula Rd.','676778731','13567623Q'),(459,'2022-12-24 09:01:20','803-5863 Donec Road','977263932','94322785M'),(460,'2023-02-02 19:00:05','607-387 Quis, Avenue','616318352','28642741S'),(461,'2023-11-29 02:40:58','Ap #948-4291 Class St.','625267103','31544010Y'),(462,'2023-10-10 21:09:12','3717 Quisque St.','639447885','71434068S'),(463,'2024-09-22 21:59:23','P.O. Box 332, 4585 Leo. St.','657788326','44472354T'),(464,'2023-04-23 18:28:18','601-1597 Per Rd.','633718600','28642741S'),(465,'2022-12-02 12:30:36','1209 Eu Av.','650674874','35343312H'),(466,'2023-09-18 00:19:22','552-9107 Metus. Avenue','621225276','64471651E'),(467,'2024-01-05 22:08:58','619-7640 Pellentesque Av.','958456411','64471651E'),(468,'2024-03-28 22:50:29','Ap #418-4868 Nam St.','948022884','62817222P'),(469,'2023-01-20 20:39:49','158-6898 Non, St.','658281618','31544010Y'),(470,'2024-07-15 10:12:27','648-3378 Quisque Avenue','917305283','13567623Q'),(471,'2022-11-30 16:04:26','Ap #172-2886 Aenean Ave','951684632','46356232D'),(472,'2024-05-02 15:14:21','Ap #749-8906 Rhoncus. Road','629536477','31584804C'),(473,'2023-10-21 00:18:46','Ap #303-3276 Lorem Rd.','685156963','18538202F'),(474,'2023-01-11 22:17:08','P.O. Box 825, 1067 Velit Ave','682338236','54345838K'),(475,'2023-01-11 00:08:49','152-9813 Mauris. Road','620878449','71447335R'),(476,'2023-04-16 05:00:43','3469 Vitae Rd.','981780302','54345838K'),(477,'2023-10-23 03:16:38','249-6389 Rutrum St.','956847103','15716718L'),(478,'2023-03-13 12:32:04','812-8616 Ut Rd.','652380564','64471651E'),(479,'2024-01-16 09:02:57','8616 Leo St.','927456406','37477437S'),(480,'2023-12-07 18:57:25','Ap #440-2059 Nam St.','669364524','76483377U'),(481,'2024-02-17 17:37:04','P.O. Box 580, 6235 Semper Av.','936573814','19240710Q'),(482,'2023-04-09 15:21:18','515-8108 Ut Rd.','974898336','71434068S'),(483,'2023-12-24 19:03:11','7401 Luctus. St.','929211823','47656354S'),(484,'2023-05-17 23:36:51','973-4954 Tellus. Av.','623880504','71447335R'),(485,'2023-12-07 01:32:01','879-3282 Volutpat. Avenue','953924165','12525504X'),(486,'2023-06-21 01:47:49','Ap #559-1339 Egestas Road','984944482','47656354S'),(487,'2023-04-30 09:36:42','6403 Nulla Ave','963988720','72686731U'),(488,'2023-07-25 23:07:21','516-5730 Nulla Road','631430184','44472354T'),(489,'2023-12-21 06:21:10','9340 Dictum Avenue','919746735','41452548E'),(490,'2023-05-20 05:26:08','4015 Ipsum Road','917256480','68836567S'),(491,'2023-06-11 04:02:37','268-197 Ac Av.','601686567','71447335R'),(492,'2023-05-06 06:58:29','240-5333 Lobortis Av.','692652757','41452548E'),(493,'2024-11-11 14:00:17','2187 Ac Ave','994441736','54836838F'),(494,'2024-03-03 08:52:46','Ap #961-5504 Lorem, Rd.','965816483','72686731U'),(495,'2023-08-22 20:35:11','P.O. Box 440, 4986 Rutrum Rd.','957751426','47656354S'),(496,'2023-10-28 23:41:50','2301 Sollicitudin St.','936750512','31544010Y'),(497,'2024-02-04 22:58:31','664-4377 Molestie Avenue','641930180','36552043B'),(498,'2023-10-11 04:30:14','Ap #350-1364 Vitae Rd.','646977517','94322785M'),(499,'2023-06-05 22:16:37','800-8916 Pellentesque Rd.','913101549','36552043B'),(500,'2023-05-08 09:43:28','Ap #423-4502 Nec, St.','677312145','31584804C');
/*!40000 ALTER TABLE `pedido` ENABLE KEYS */;
UNLOCK TABLES;

--
-- Table structure for table `repartidor`
--

DROP TABLE IF EXISTS `repartidor`;
/*!40101 SET @saved_cs_client     = @@character_set_client */;
/*!50503 SET character_set_client = utf8mb4 */;
CREATE TABLE `repartidor` (
  `dni` char(9) COLLATE utf8mb3_spanish2_ci NOT NULL,
  `nombre` varchar(50) COLLATE utf8mb3_spanish2_ci NOT NULL,
  `apellido1` varchar(50) COLLATE utf8mb3_spanish2_ci NOT NULL,
  `apellido2` varchar(50) COLLATE utf8mb3_spanish2_ci DEFAULT NULL,
  `telefono` char(9) COLLATE utf8mb3_spanish2_ci NOT NULL,
  `fechaNacimiento` date NOT NULL,
  PRIMARY KEY (`dni`)
) ENGINE=InnoDB DEFAULT CHARSET=utf8mb3 COLLATE=utf8mb3_spanish2_ci;
/*!40101 SET character_set_client = @saved_cs_client */;

--
-- Dumping data for table `repartidor`
--

LOCK TABLES `repartidor` WRITE;
/*!40000 ALTER TABLE `repartidor` DISABLE KEYS */;
INSERT INTO `repartidor` VALUES ('09393354N','Jared','Serrano','Lopez','619373229','1989-04-26'),('12525504X','Brendan','Cano','Esteban','681174951','2005-09-03'),('13567623Q','Martina','Saez','Cruz','662558241','1991-12-04'),('15716718L','Hadley','Morales','Marquez','611606593','1986-01-28'),('18538202F','Rachel','Romero','Ramos','674132716','1990-04-10'),('19240710Q','Jermaine','Vega','Rodriguez','626056377','2004-03-06'),('20243864C','Ishmael','Rodriguez','Ortega','681433012','1984-01-23'),('21875225V','Wynter','Dominguez','Carmona','631447089','1989-06-10'),('28642741S','Teagan','Fernandez',NULL,'669571238','1985-01-01'),('28982891L','Brandon','Merino','Garrido','663731034','1991-05-01'),('30137366A','Amos','Fernandez','Diez','611423331','1987-08-05'),('31544010Y','Chava','Molina','Navarro','686665324','2003-11-03'),('31584804C','Samuel','Mendez','Duran','635165786','2004-08-16'),('35055748R','Anthony','Soto','Marquez','624342116','1998-01-22'),('35334071X','TaShya','Gomez','Rubio','628712647','1987-09-28'),('35343312H','Mariko','Vila','Vidal','675622205','1985-04-11'),('36258011H','Chandler','Crespo','Diaz','624789583','1985-01-29'),('36552043B','Salvador','Duran','Crespo','663938302','1989-04-30'),('37477437S','Mikayla','Muoz','Campos','638051075','1994-04-03'),('38229520H','Carla','Diez','Vazquez','610483342','2001-03-23'),('39342318E','Ezekiel','Pascual','Duran','635075375','1989-10-08'),('41452548E','Lars','Castro','Gallego','622545676','2001-05-18'),('44472354T','Christopher','Alonso','Gallego','612328745','1994-09-20'),('46356232D','Violet','Pascual','Dominguez','682913617','1994-11-07'),('47656354S','Cheyenne','Ramos',NULL,'652081334','1997-06-27'),('47899102R','Molly','Marti','Marti','622224413','1996-10-06'),('48594112V','Mara','Diaz','Carrasco','688622538','2002-09-22'),('49252050O','Lucian','Navarro','Izquierdo','663946982','1984-05-05'),('53173926L','Zephania','Gil','Delgado','605737088','2003-05-26'),('54345838K','Theodore','Dominguez','Soto','664826843','2003-09-05'),('54836838F','Demetria','Iglesias','Gutierrez','656518447','1993-11-22'),('55158251T','Jennifer','Ortega',NULL,'621051138','1989-05-05'),('61343881H','April','Ruiz','Bravo','667603518','1987-06-29'),('61792773Y','Sylvester','Ramos','Marquez','661410856','1992-11-22'),('62817222P','Demetrius','Santana','Cano','673816861','2002-07-09'),('64471651E','Chelsea','Esteban','Guerrero','651515573','1984-03-30'),('68836567S','Anastasia','Izquierdo','Esteban','647228334','2003-03-03'),('70326234E','Leonard','Morales','Arias','657262780','2001-04-29'),('71434068S','Caldwell','Castro','Nuez','689444758','1992-10-30'),('71447335R','Russell','Sanchez','Velasco','612768187','1986-05-08'),('72686731U','Christen','Vega','Vidal','613855968','1992-01-21'),('74817087L','Wang','Ramirez','Vila','674698373','1989-09-20'),('75452092M','Mollie','Mendez',NULL,'679253486','1988-10-17'),('75634504H','Leo','Pastor',NULL,'604886273','1985-02-01'),('76483377U','Macon','Gomez','Calvo','664690058','1998-08-24'),('84863126H','Reece','ez','Sanz','677173841','2004-08-01'),('86127912R','Chandler','Herrera','Montero','676787395','1983-07-11'),('89342483W','Janna','Hernandez','Ferrer','618322674','1985-07-26'),('89965286D','Amanda','Duran','Castro','620692126','1984-03-21'),('94322785M','TaShya','Serrano','Serrano','649816241','1987-02-11');
/*!40000 ALTER TABLE `repartidor` ENABLE KEYS */;
UNLOCK TABLES;
/*!40103 SET TIME_ZONE=@OLD_TIME_ZONE */;

/*!40101 SET SQL_MODE=@OLD_SQL_MODE */;
/*!40014 SET FOREIGN_KEY_CHECKS=@OLD_FOREIGN_KEY_CHECKS */;
/*!40014 SET UNIQUE_CHECKS=@OLD_UNIQUE_CHECKS */;
/*!40101 SET CHARACTER_SET_CLIENT=@OLD_CHARACTER_SET_CLIENT */;
/*!40101 SET CHARACTER_SET_RESULTS=@OLD_CHARACTER_SET_RESULTS */;
/*!40101 SET COLLATION_CONNECTION=@OLD_COLLATION_CONNECTION */;
/*!40111 SET SQL_NOTES=@OLD_SQL_NOTES */;

-- Dump completed on 2023-11-16  0:13:34
